track_id,played_at
1gD8Qmxyf11D6uhNBCzBHZ,2024-04-29 20:06:05
1kloBNF9c8Jwc7AIC1snAa,2024-04-29 08:57:21
1z2UyZvguJYmNd47EZP7Qp,2024-04-29 08:54:53
65UNQSH7RI4Lxw7VrXMp5y,2024-04-29 08:52:35
0QJKUh0ga2ubfuVs8DM7bq,2024-04-29 08:50:12
43UV5Uk0ntzH6MP8Rx1RKh,2024-04-29 08:46:58
6fhgO6p9DsTyHqPctyzDkV,2024-04-29 08:43:02
3dj4wgM3cPeuLwMNHDuBon,2024-04-28 09:58:06
3C29msNvApwxpOxhuqD2rX,2024-04-27 17:53:15
1xa57UDqh8R7jg5Ob3W1Yg,2024-04-27 17:51:07
5v3MSh7CD3VNyCwAoSha5p,2024-04-27 17:49:46
6usohdchdzW9oML7VC4Uhk,2024-04-27 17:47:12
5PspcXQtSiTDRPa8V5PHYf,2024-04-27 15:31:35
7eQUd4wXVFldWkd257KEjS,2024-04-27 11:23:46
7Lyr5TLa4s2nbH8gYUJ3wm,2024-04-27 11:21:28
3UyLPNegNat7PwkYP5ZjLn,2024-04-27 11:19:04
78GfWt85z1MEzllLvH678t,2024-04-27 11:16:50
6mFrcJ4WbxxN4B6ykaXWxd,2024-04-27 11:13:57
6058Hj1ro0eG23MVZKvA22,2024-04-27 11:11:53
4UqBLPogp8Dnvi6UMzTtt7,2024-04-27 11:09:01
50utqknCBo0N3QAQbXIPKV,2024-04-27 11:03:41
0lngUitwRDbvZ5yVO76dVN,2024-04-27 11:00:40
07A4I35sBKxJ43iPZmWMqZ,2024-04-27 09:40:38
6VOvaFEQ6juSEiFPCQp4E7,2024-04-27 08:20:30
0bkV9Clv4lnhpVRKST2Iwp,2024-04-27 08:17:21
2Zcr8xMMZyNT5wMsj3SWmw,2024-04-27 08:13:21
7qzqcfLHBAUherRXgW4Ul7,2024-04-27 08:08:25
2xogiMuoVDFDKpxgZpmPfQ,2024-04-27 08:04:39
0aLk2Za7r0eGlLOepW2hzL,2024-04-27 08:01:26
2nZPNcfEgpfOEIvaOn5O71,2024-04-27 07:58:21
7xxtKcdUVoe8Rnlbl7l1nt,2024-04-26 17:56:03
7xxtKcdUVoe8Rnlbl7l1nt,2024-04-26 15:15:40
5GZp8q9eZ9qn0TSwAayT1o,2024-04-26 07:42:09
5PspcXQtSiTDRPa8V5PHYf,2024-04-26 07:41:23
7IezwtVIJIPC36LpKMR9d7,2024-04-26 07:39:12
2ngNeWCODoaj7RdwQAJDna,2024-04-26 07:35:25
4r0kug4vaNx3d8qyDLhQes,2024-04-26 07:33:41
71rw9MB77BR8LHMFZK8gKV,2024-04-26 07:31:50
50utqknCBo0N3QAQbXIPKV,2024-04-26 07:29:44
6C6MuaafmC8YwS6rjYdz6u,2024-04-24 16:24:37
6mTXRpSJcuVt5e46bylLec,2024-04-24 16:22:11
7DTJLfd4Yd4Mz0A0q6L4d5,2024-04-24 15:20:20
1JaQxqZ5FCWtDY3DfKzIBc,2024-04-24 15:17:26
1gD8Qmxyf11D6uhNBCzBHZ,2024-04-24 15:14:34
65UNQSH7RI4Lxw7VrXMp5y,2024-04-24 15:03:36
65UNQSH7RI4Lxw7VrXMp5y,2024-04-24 15:00:53
43UV5Uk0ntzH6MP8Rx1RKh,2024-04-23 15:51:30
1kloBNF9c8Jwc7AIC1snAa,2024-04-23 15:47:33
0QJKUh0ga2ubfuVs8DM7bq,2024-04-23 15:19:06
1z2UyZvguJYmNd47EZP7Qp,2024-04-23 15:15:52
